{"cameraMode":{"drawMode":0,"name":"Shaded","section":"Shading Mode"},"sceneLighting":true,"audioPlay":false,"sceneViewState":{"showFog":true,"showMaterialUpdate":false,"showSkybox":false,"showFlares":true,"showImageEffects":true,"showParticleSystems":true},"in2DMode":false,"pivot":{"x":-0.5436307787895203,"y":0.09015911817550659,"z":8.20218276977539},"rotation":{"x":0.07978355884552002,"y":-0.16607718169689179,"z":0.013482645153999329,"w":0.9827874898910523},"size":3.777022361755371,"orthographic":false}