{"cameraMode":{"drawMode":0,"name":"Shaded","section":"Shading Mode"},"sceneLighting":true,"audioPlay":false,"sceneViewState":{"showFog":true,"showMaterialUpdate":false,"showSkybox":false,"showFlares":true,"showImageEffects":true,"showParticleSystems":true},"in2DMode":false,"pivot":{"x":3.071486473083496,"y":1.946774959564209,"z":0.18217869102954865},"rotation":{"x":-0.005270964931696653,"y":-0.9900667071342468,"z":0.038632623851299289,"w":-0.13508430123329163},"size":2.7014636993408205,"orthographic":false}